id,outDegree
1387,472
2442,365
701,364
8139,261
5458,247
id,inDegree
21729,643
19743,605
16895,551
14497,430
19347,385
id,pagerank
21729,117.55736999319018
22208,66.3374736440113
21781,55.79761061786788
22440,54.630144664599754
22057,47.47478062030848
component,count
0,22470
count,id
16219,16895
14050,14497
10199,1387
9754,19743
9254,21729
